ballot,vote,attempts,shift_over_T,norm_over_BJ,bytes,prove_ms,verify_ms,verified
0,0,3,0.4888,0.5005,141351,38.367,9.336,1
1,1,8,0.4897,0.5010,141356,83.194,7.750,1
2,0,5,0.4823,0.5017,141348,54.035,7.523,1
3,1,4,0.4865,0.5009,141354,43.846,8.683,1
4,0,1,0.4888,0.5002,141347,16.132,9.495,1
5,1,8,0.4929,0.5004,141350,94.783,9.095,1
6,0,1,0.4864,0.5014,141358,16.118,8.904,1
7,1,2,0.4919,0.5013,141341,27.493,9.349,1
8,0,4,0.4880,0.5018,141355,42.385,8.620,1
9,1,2,0.4815,0.4991,141337,27.607,9.537,1
10,0,1,0.4865,0.5022,141363,16.819,9.362,1
11,1,1,0.4881,0.5010,141375,16.830,9.462,1
12,0,4,0.4872,0.4997,141367,50.087,9.256,1
13,1,5,0.4865,0.5029,141364,59.766,9.919,1
14,0,7,0.4863,0.4995,141332,77.411,7.280,1
15,1,8,0.4966,0.5007,141362,86.521,9.413,1
16,0,1,0.4863,0.4985,141332,16.638,9.238,1
17,1,1,0.4851,0.5008,141349,16.824,9.219,1
18,0,1,0.5005,0.5005,141355,16.732,9.170,1
19,1,1,0.4878,0.4984,141323,16.715,9.181,1
20,0,2,0.4831,0.4995,141338,27.657,9.019,1
21,1,4,0.4910,0.5003,141357,50.372,9.347,1
22,0,1,0.4885,0.5021,141373,15.566,7.930,1
23,1,1,0.4898,0.5026,141375,16.921,9.789,1
24,0,2,0.4849,0.4997,141334,28.502,7.860,1
25,1,1,0.4858,0.4999,141348,13.776,11.398,1
26,0,1,0.4910,0.4995,141350,18.688,9.832,1
27,1,1,0.4894,0.5033,141374,17.186,9.635,1
28,0,5,0.4894,0.5012,141355,59.352,11.104,1
29,1,2,0.4944,0.4957,141301,23.502,7.980,1
30,0,3,0.4895,0.4981,141334,34.145,8.576,1
31,1,5,0.4956,0.5004,141342,61.372,9.384,1
32,0,1,0.4881,0.5015,141364,16.818,9.324,1
33,1,1,0.4918,0.4990,141329,16.300,8.907,1
34,0,2,0.4862,0.5012,141361,22.173,8.387,1
35,1,1,0.4893,0.5016,141363,15.647,9.408,1
36,0,2,0.4878,0.5001,141346,27.312,9.165,1
37,1,1,0.4829,0.5002,141353,16.501,9.363,1
38,0,1,0.4839,0.4979,141332,16.389,7.301,1
39,1,3,0.4887,0.4971,141329,33.721,8.720,1
40,0,7,0.4905,0.4975,141346,74.326,8.042,1
41,1,2,0.4883,0.5017,141355,23.868,8.883,1
42,0,7,0.4932,0.4998,141337,83.022,9.354,1
43,1,9,0.4934,0.4992,141334,106.050,9.439,1
44,0,4,0.4902,0.5012,141347,50.510,9.346,1
45,1,1,0.4917,0.4994,141343,16.727,9.178,1
46,0,8,0.4866,0.4976,141327,94.977,9.613,1
47,1,7,0.4874,0.5013,141362,83.575,9.503,1
48,0,1,0.4921,0.5001,141332,16.253,9.365,1
49,1,1,0.4833,0.4997,141330,16.377,9.102,1
50,0,1,0.4857,0.4984,141329,16.409,9.383,1
51,1,1,0.4858,0.4988,141342,16.637,9.347,1
52,0,1,0.4829,0.5020,141369,16.116,9.376,1
53,1,3,0.4833,0.4970,141314,39.120,9.658,1
54,0,1,0.4923,0.5008,141361,16.793,9.255,1
55,1,1,0.4902,0.4996,141329,16.488,9.254,1
56,0,2,0.4832,0.4991,141340,27.546,9.448,1
57,1,2,0.4897,0.4968,141326,28.262,9.063,1
58,0,5,0.4843,0.5006,141359,60.492,8.149,1
59,1,2,0.4828,0.4998,141336,25.149,8.728,1
60,0,3,0.4868,0.4982,141334,37.985,9.390,1
61,1,3,0.4901,0.5009,141338,31.825,7.580,1
62,0,11,0.4875,0.5013,141351,124.292,9.387,1
63,1,4,0.4878,0.5000,141354,49.917,9.375,1
64,0,11,0.4835,0.4993,141343,127.565,9.470,1
65,1,4,0.4925,0.4970,141323,49.771,9.242,1
66,0,5,0.4981,0.5007,141349,55.916,7.598,1
67,1,1,0.4894,0.4995,141333,14.514,8.836,1
68,0,2,0.4859,0.4979,141336,27.063,9.480,1
69,1,2,0.4933,0.5026,141371,27.609,9.222,1
70,0,1,0.4932,0.5048,141396,16.451,9.333,1
71,1,1,0.4873,0.5010,141356,16.066,9.105,1
72,0,3,0.4851,0.4998,141347,38.950,9.198,1
73,1,2,0.4812,0.5018,141366,27.569,9.430,1
74,0,2,0.4860,0.4997,141343,27.568,9.149,1
75,1,4,0.4920,0.4961,141304,49.846,9.251,1
76,0,1,0.4976,0.4974,141329,15.949,9.020,1
77,1,1,0.4940,0.5001,141342,16.412,9.266,1
78,0,2,0.4921,0.5018,141356,27.294,9.583,1
79,1,5,0.4890,0.4982,141334,62.619,9.317,1
80,0,1,0.4939,0.4993,141343,16.461,9.130,1
81,1,1,0.4800,0.4992,141342,16.263,8.985,1
82,0,1,0.4858,0.4984,141343,15.124,9.613,1
83,1,1,0.4821,0.5010,141345,16.538,9.265,1
84,0,1,0.4836,0.5060,141389,16.294,9.049,1
85,1,1,0.4854,0.5030,141360,16.651,9.123,1
86,0,4,0.4896,0.5013,141356,49.326,9.392,1
87,1,3,0.4887,0.5026,141362,38.553,8.640,1
88,0,1,0.4882,0.5005,141352,12.721,7.608,1
89,1,2,0.4903,0.4994,141339,23.490,8.145,1
90,0,2,0.4902,0.4986,141325,24.047,8.230,1
91,1,1,0.4831,0.5025,141361,14.441,8.155,1
92,0,3,0.4934,0.5033,141377,32.584,8.106,1
93,1,3,0.4824,0.5015,141365,33.523,8.692,1
94,0,2,0.4914,0.5022,141367,26.313,9.265,1
95,1,1,0.4800,0.4996,141325,16.023,9.164,1
96,0,5,0.4914,0.5011,141345,60.633,8.843,1
97,1,2,0.4876,0.5001,141346,21.848,8.141,1
98,0,3,0.4895,0.5025,141354,33.071,8.947,1
99,1,2,0.4938,0.4978,141330,27.350,9.455,1
100,0,3,0.4900,0.5029,141365,37.932,8.914,1
101,1,2,0.4859,0.4983,141334,27.966,8.997,1
102,0,8,0.4964,0.4984,141324,93.936,9.278,1
103,1,1,0.4897,0.4999,141345,16.427,8.838,1
104,0,1,0.4905,0.4968,141330,16.423,9.679,1
105,1,7,0.4905,0.4990,141341,84.000,9.377,1
106,0,4,0.4933,0.5025,141373,50.919,9.265,1
107,1,1,0.4852,0.5030,141378,16.272,9.453,1
108,0,1,0.4806,0.4989,141337,16.277,9.484,1
109,1,3,0.4903,0.4968,141310,39.215,9.294,1
110,0,7,0.4909,0.4986,141327,78.375,9.282,1
111,1,3,0.4917,0.4986,141330,38.433,9.427,1
112,0,2,0.4921,0.5033,141367,23.995,7.559,1
113,1,1,0.4842,0.4972,141315,14.488,8.325,1
114,0,1,0.4877,0.4998,141337,14.028,7.855,1
115,1,1,0.4891,0.5004,141349,14.173,9.116,1
116,0,1,0.4904,0.4978,141326,13.912,7.983,1
117,1,9,0.4906,0.5012,141354,93.943,8.066,1
118,0,3,0.4873,0.5027,141350,34.471,8.974,1
119,1,1,0.4825,0.5008,141363,15.957,8.957,1
120,0,2,0.4834,0.5001,141346,25.954,9.493,1
121,1,18,0.4884,0.5005,141341,199.714,8.666,1
122,0,1,0.4869,0.5007,141354,16.196,7.164,1
123,1,8,0.4919,0.4985,141330,83.255,9.148,1
124,0,5,0.4866,0.4993,141349,60.700,9.466,1
125,1,3,0.4869,0.4969,141314,38.712,9.406,1
126,0,3,0.4873,0.4957,141316,38.700,9.541,1
127,1,3,0.4936,0.4983,141329,38.501,9.279,1
128,0,3,0.4888,0.4960,141308,38.644,9.293,1
129,1,4,0.4932,0.4959,141313,50.605,9.212,1
130,0,1,0.4872,0.4966,141329,16.854,9.658,1
131,1,5,0.4866,0.4979,141328,61.379,9.449,1
132,0,3,0.4899,0.5000,141342,39.273,9.226,1
133,1,1,0.4833,0.5003,141349,16.121,9.121,1
134,0,3,0.4897,0.4979,141341,33.401,9.528,1
135,1,6,0.4901,0.5018,141348,72.707,9.216,1
136,0,2,0.4908,0.4984,141331,27.398,9.238,1
137,1,1,0.4875,0.5003,141349,16.515,9.234,1
138,0,2,0.4907,0.5031,141361,27.690,9.211,1
139,1,1,0.4901,0.5018,141356,16.470,9.248,1
140,0,1,0.4878,0.4999,141347,16.868,9.267,1
141,1,1,0.4875,0.5004,141351,16.813,9.424,1
142,0,5,0.4931,0.4991,141353,60.695,8.739,1
143,1,1,0.4887,0.5011,141346,12.548,7.287,1
144,0,3,0.4866,0.4999,141344,34.301,8.856,1
145,1,1,0.4849,0.5007,141353,16.257,9.515,1
146,0,1,0.4922,0.4974,141321,16.248,9.455,1
147,1,3,0.4881,0.4983,141321,38.851,9.266,1
148,0,1,0.4851,0.5014,141363,16.579,9.072,1
149,1,4,0.4880,0.4993,141336,48.877,8.869,1
150,0,8,0.4890,0.4993,141337,95.021,9.476,1
151,1,2,0.4921,0.4969,141325,27.021,9.235,1
152,0,1,0.4903,0.5013,141366,16.305,9.350,1
153,1,2,0.4819,0.5006,141343,28.077,9.473,1
154,0,6,0.4891,0.5022,141374,72.037,9.336,1
155,1,3,0.4930,0.5013,141356,38.396,9.041,1
156,0,1,0.4944,0.4994,141340,16.382,9.395,1
157,1,1,0.4885,0.5018,141361,16.360,9.760,1
158,0,5,0.4887,0.4947,141313,63.391,9.181,1
159,1,2,0.4875,0.4983,141335,28.381,8.796,1
160,0,1,0.4855,0.5023,141357,15.600,9.120,1
161,1,2,0.4866,0.5041,141381,29.034,9.321,1
162,0,9,0.4916,0.5005,141351,103.983,8.424,1
163,1,1,0.4871,0.5002,141338,16.370,8.648,1
164,0,2,0.4895,0.4979,141328,28.617,10.179,1
165,1,1,0.4910,0.5008,141357,15.020,7.762,1
166,0,2,0.4893,0.5000,141337,23.565,7.696,1
167,1,9,0.4896,0.5017,141359,106.483,9.465,1
168,0,9,0.4919,0.4987,141319,107.713,9.206,1
169,1,1,0.4885,0.5005,141346,16.424,8.179,1
170,0,1,0.4873,0.4996,141329,15.885,9.777,1
171,1,5,0.4905,0.5014,141360,65.437,9.384,1
172,0,7,0.4953,0.4973,141314,86.994,9.809,1
173,1,1,0.4934,0.4998,141352,15.701,7.006,1
174,0,4,0.4939,0.5005,141341,51.147,9.457,1
175,1,6,0.4883,0.4994,141340,77.941,10.053,1
176,0,4,0.4952,0.4984,141342,53.125,9.939,1
177,1,1,0.4831,0.5004,141352,17.768,9.991,1
178,0,10,0.4911,0.4992,141345,116.230,9.451,1
179,1,2,0.4826,0.5000,141347,27.638,9.810,1
180,0,1,0.4850,0.5000,141344,15.042,9.982,1
181,1,2,0.4901,0.5022,141360,28.731,9.802,1
182,0,5,0.4973,0.4986,141329,71.145,10.985,1
183,1,1,0.4833,0.5019,141357,17.875,10.117,1
184,0,2,0.4865,0.4966,141330,24.827,8.329,1
185,1,1,0.4909,0.4973,141318,14.521,7.945,1
186,0,7,0.4878,0.4991,141338,84.007,8.315,1
187,1,1,0.4830,0.5005,141359,18.913,11.659,1
188,0,6,0.4911,0.5001,141339,78.081,8.522,1
189,1,2,0.4878,0.5014,141350,28.660,10.408,1
190,0,1,0.4885,0.4998,141345,17.949,10.355,1
191,1,2,0.4914,0.4993,141345,30.709,8.817,1
192,0,2,0.4832,0.4959,141316,29.685,10.039,1
193,1,3,0.4889,0.5001,141342,42.343,9.577,1
194,0,3,0.4879,0.5016,141353,40.942,9.964,1
195,1,1,0.4875,0.5004,141343,16.999,9.126,1
196,0,1,0.4846,0.4984,141326,15.599,8.903,1
197,1,4,0.4878,0.5003,141342,45.913,8.717,1
198,0,1,0.4847,0.5020,141369,15.150,8.150,1
199,1,1,0.4898,0.5014,141353,14.568,9.466,1
200,0,3,0.4854,0.5010,141349,38.234,9.050,1
201,1,1,0.4815,0.4971,141310,16.679,9.512,1
202,0,5,0.4885,0.5002,141351,61.514,9.439,1
203,1,8,0.4882,0.5025,141365,102.014,9.726,1
204,0,5,0.4922,0.4981,141326,79.942,9.657,1
205,1,1,0.4867,0.5029,141365,20.741,10.294,1
206,0,3,0.4888,0.5026,141367,45.850,10.456,1
207,1,5,0.4845,0.5011,141354,68.604,10.328,1
208,0,1,0.4862,0.5025,141358,19.674,9.883,1
209,1,3,0.4940,0.5006,141350,40.611,9.302,1
210,0,3,0.4902,0.4985,141338,40.498,9.864,1
211,1,6,0.4900,0.4984,141336,76.836,9.720,1
212,0,11,0.4870,0.5001,141343,140.606,9.619,1
213,1,1,0.4873,0.4984,141338,17.687,11.747,1
214,0,2,0.4896,0.5019,141361,26.688,9.964,1
215,1,7,0.4941,0.5015,141348,95.842,10.737,1
216,0,2,0.4847,0.5013,141357,31.989,10.107,1
217,1,4,0.4886,0.4980,141331,58.366,10.515,1
218,0,1,0.4796,0.4951,141302,19.390,10.367,1
219,1,4,0.4905,0.4997,141352,56.106,10.169,1
220,0,13,0.4942,0.5046,141378,185.993,11.542,1
221,1,2,0.4865,0.5002,141348,34.244,11.979,1
222,0,4,0.4957,0.5011,141351,62.284,10.930,1
223,1,1,0.4858,0.5053,141392,19.800,11.298,1
224,0,3,0.4876,0.4996,141338,47.516,10.295,1
225,1,1,0.4853,0.5004,141350,18.297,10.539,1
226,0,2,0.4881,0.5038,141387,42.463,11.520,1
227,1,3,0.4914,0.5012,141343,46.364,10.302,1
228,0,2,0.4897,0.5017,141357,33.025,12.713,1
229,1,1,0.4943,0.4981,141329,22.533,11.706,1
230,0,3,0.4888,0.4992,141339,54.856,10.447,1
231,1,4,0.4898,0.5015,141367,56.822,11.025,1
232,0,7,0.4957,0.5026,141369,111.926,11.868,1
233,1,2,0.4932,0.5021,141372,37.015,13.167,1
234,0,3,0.4870,0.4988,141333,48.122,13.788,1
235,1,1,0.4891,0.4977,141328,22.253,10.420,1
236,0,8,0.4889,0.4995,141335,125.092,11.128,1
237,1,7,0.4934,0.4977,141320,91.460,9.042,1
238,0,4,0.4951,0.4961,141311,47.264,8.891,1
239,1,1,0.4798,0.4978,141321,17.989,9.315,1
240,0,1,0.4861,0.4986,141337,16.029,9.243,1
241,1,4,0.4841,0.4989,141348,48.686,9.665,1
242,0,2,0.4871,0.4977,141332,31.229,9.683,1
243,1,5,0.4853,0.5025,141362,69.984,10.594,1
244,0,3,0.4853,0.4968,141312,43.053,11.462,1
245,1,2,0.4848,0.5010,141355,35.507,10.039,1
246,0,2,0.4903,0.4997,141339,27.941,10.636,1
247,1,1,0.4865,0.5007,141360,19.100,9.449,1
248,0,1,0.4862,0.4986,141337,17.959,9.767,1
249,1,2,0.4836,0.4981,141331,31.032,10.250,1
250,0,10,0.4944,0.5006,141358,117.142,8.083,1
251,1,3,0.4860,0.4999,141349,37.386,9.365,1
252,0,5,0.4932,0.5032,141372,65.525,13.329,1
253,1,5,0.4918,0.5010,141353,90.693,11.884,1
254,0,7,0.4923,0.4978,141328,97.143,9.853,1
255,1,2,0.4896,0.5027,141367,31.861,10.037,1
256,0,1,0.4824,0.4996,141336,18.285,9.644,1
257,1,1,0.4888,0.5013,141352,26.489,12.037,1
258,0,2,0.4883,0.4989,141337,46.024,8.896,1
259,1,2,0.4867,0.5006,141359,43.380,15.546,1
260,0,1,0.4878,0.5004,141354,28.811,20.252,1
261,1,3,0.4838,0.4998,141345,63.090,10.980,1
262,0,2,0.4935,0.4981,141330,36.838,19.931,1
263,1,3,0.4940,0.4993,141340,53.331,9.743,1
264,0,3,0.4818,0.5000,141346,43.813,9.782,1
265,1,4,0.4906,0.5023,141365,68.586,13.590,1
266,0,4,0.4855,0.5006,141356,66.803,10.089,1
267,1,3,0.4886,0.4998,141348,56.566,9.739,1
268,0,1,0.4841,0.5025,141372,15.847,8.962,1
269,1,9,0.4937,0.5007,141351,126.792,11.617,1
270,0,1,0.4866,0.4995,141347,19.589,9.542,1
271,1,2,0.4894,0.4972,141325,31.982,12.856,1
272,0,3,0.4886,0.4987,141339,45.110,9.927,1
273,1,1,0.4897,0.5000,141347,18.325,8.836,1
274,0,2,0.4893,0.5010,141342,47.805,9.997,1
275,1,1,0.4881,0.5010,141356,15.865,10.258,1
276,0,5,0.4914,0.5027,141368,66.383,8.496,1
277,1,1,0.4844,0.5008,141360,14.438,11.424,1
278,0,1,0.4896,0.4990,141339,19.967,9.091,1
279,1,4,0.4874,0.5012,141345,46.351,8.253,1
280,0,2,0.4929,0.5007,141342,25.281,8.492,1
281,1,2,0.4876,0.4982,141328,25.780,8.626,1
282,0,3,0.4871,0.5007,141348,36.595,9.747,1
283,1,3,0.4859,0.5006,141335,43.123,11.143,1
284,0,3,0.4903,0.4995,141345,38.054,8.023,1
285,1,2,0.4859,0.5002,141344,30.424,8.208,1
286,0,2,0.4915,0.4994,141334,23.460,8.108,1
287,1,3,0.4929,0.5021,141357,39.393,8.838,1
288,0,5,0.4856,0.5014,141344,61.203,9.967,1
289,1,1,0.4914,0.5006,141353,18.384,11.017,1
290,0,3,0.4901,0.4987,141345,41.158,9.964,1
291,1,1,0.4843,0.4995,141342,16.330,9.197,1
292,0,3,0.4881,0.5003,141335,45.651,14.079,1
293,1,3,0.4848,0.4985,141328,41.451,10.681,1
294,0,3,0.4898,0.5001,141346,39.055,8.404,1
295,1,8,0.4877,0.5006,141348,99.936,9.844,1
296,0,2,0.4851,0.4993,141340,30.931,10.379,1
297,1,1,0.4850,0.4991,141346,17.933,9.126,1
298,0,1,0.4890,0.5009,141361,14.886,10.067,1
299,1,16,0.4959,0.5008,141343,201.946,9.636,1
300,0,5,0.4896,0.4997,141340,67.082,8.625,1
301,1,14,0.4932,0.5004,141341,167.973,8.986,1
302,0,5,0.4929,0.4995,141340,66.866,8.850,1
303,1,7,0.4894,0.4982,141328,87.888,9.385,1
304,0,3,0.4852,0.4992,141343,39.143,9.464,1
305,1,2,0.4816,0.5000,141354,25.011,10.079,1
306,0,3,0.4879,0.4957,141312,41.565,9.885,1
307,1,3,0.4856,0.5011,141356,40.034,9.541,1
308,0,1,0.4928,0.4995,141354,16.767,9.795,1
309,1,2,0.4880,0.5022,141341,28.617,7.252,1
310,0,3,0.4890,0.5009,141346,42.990,9.958,1
311,1,1,0.4850,0.4997,141332,18.265,10.126,1
312,0,2,0.4830,0.4992,141331,32.819,11.195,1
313,1,3,0.4895,0.4998,141350,43.248,9.598,1
314,0,1,0.4934,0.5011,141358,17.946,11.855,1
315,1,7,0.4899,0.5002,141347,96.210,9.038,1
316,0,3,0.4925,0.5006,141353,41.460,10.546,1
317,1,2,0.4851,0.5002,141350,29.744,13.652,1
318,0,1,0.4817,0.5021,141359,24.531,10.684,1
319,1,12,0.4888,0.4995,141339,136.915,9.836,1
320,0,7,0.4885,0.5013,141340,83.074,8.990,1
321,1,1,0.4840,0.4994,141343,18.162,8.032,1
322,0,1,0.4854,0.5011,141352,16.712,11.873,1
323,1,4,0.4922,0.5000,141341,52.971,9.698,1
324,0,2,0.4872,0.5019,141359,27.630,10.936,1
325,1,1,0.4839,0.4969,141322,17.253,9.456,1
326,0,1,0.4892,0.5002,141348,18.269,8.483,1
327,1,6,0.4944,0.5019,141374,70.841,9.677,1
328,0,1,0.4867,0.5018,141352,15.541,8.574,1
329,1,1,0.4852,0.5010,141341,16.334,7.996,1
330,0,2,0.4850,0.5016,141357,25.273,8.468,1
331,1,2,0.4906,0.5014,141346,29.597,9.324,1
332,0,4,0.4896,0.5027,141364,49.968,9.111,1
333,1,1,0.4814,0.4997,141344,14.503,7.797,1
334,0,2,0.4861,0.4981,141323,25.001,9.738,1
335,1,5,0.4933,0.4971,141314,62.053,9.634,1
336,0,1,0.4890,0.5018,141355,16.979,9.720,1
337,1,2,0.4830,0.5014,141372,29.448,9.639,1
338,0,1,0.4929,0.5000,141330,18.148,9.706,1
339,1,5,0.4929,0.5005,141356,59.678,7.676,1
340,0,3,0.4852,0.5016,141374,36.305,9.762,1
341,1,4,0.4889,0.4976,141335,55.735,9.719,1
342,0,3,0.4859,0.5005,141357,41.512,9.888,1
343,1,2,0.4860,0.5028,141357,29.900,9.022,1
344,0,4,0.4897,0.5004,141350,47.837,10.009,1
345,1,1,0.4871,0.5001,141349,17.106,9.979,1
346,0,1,0.4800,0.4954,141298,18.169,9.173,1
347,1,4,0.4868,0.4976,141332,52.477,9.631,1
348,0,1,0.4819,0.4991,141334,17.214,10.260,1
349,1,2,0.4873,0.4992,141331,28.960,9.245,1
350,0,6,0.4845,0.5000,141346,77.572,10.085,1
351,1,5,0.4820,0.5004,141349,61.842,9.950,1
352,0,1,0.4851,0.4980,141330,17.070,9.838,1
353,1,3,0.4885,0.4984,141331,40.190,9.089,1
354,0,1,0.4833,0.5000,141347,16.493,9.530,1
355,1,1,0.4888,0.5015,141357,14.004,9.071,1
356,0,7,0.4948,0.5006,141350,86.550,9.360,1
357,1,1,0.4888,0.5012,141359,16.513,10.191,1
358,0,11,0.4869,0.4977,141318,126.561,7.579,1
359,1,2,0.4881,0.5012,141360,28.673,9.720,1
360,0,6,0.4889,0.5017,141366,75.547,9.808,1
361,1,2,0.4891,0.4991,141333,29.073,10.014,1
362,0,7,0.4916,0.5008,141352,86.717,9.619,1
363,1,1,0.4835,0.4991,141339,16.831,9.278,1
364,0,3,0.4950,0.5000,141336,40.180,9.680,1
365,1,6,0.4843,0.5034,141360,75.748,9.032,1
366,0,2,0.4894,0.4971,141317,28.454,9.626,1
367,1,2,0.4896,0.5006,141340,28.807,8.302,1
368,0,1,0.4850,0.5046,141370,13.723,9.320,1
369,1,2,0.4933,0.4994,141345,28.616,9.310,1
370,0,1,0.4880,0.4983,141331,17.574,9.387,1
371,1,6,0.4889,0.5000,141349,74.734,9.808,1
372,0,1,0.4855,0.5013,141355,17.014,9.562,1
373,1,2,0.4894,0.4991,141347,28.573,9.787,1
374,0,1,0.4920,0.5038,141382,16.705,9.549,1
375,1,12,0.4896,0.5005,141353,141.964,9.420,1
376,0,2,0.4848,0.5008,141346,28.462,9.701,1
377,1,7,0.4871,0.4993,141336,87.288,9.656,1
378,0,3,0.4859,0.4995,141335,39.212,10.128,1
379,1,10,0.4945,0.5011,141357,112.579,9.830,1
380,0,2,0.4864,0.5005,141339,28.148,9.776,1
381,1,1,0.4824,0.5023,141376,17.974,8.299,1
382,0,2,0.4936,0.4974,141326,28.328,10.035,1
383,1,1,0.4922,0.4995,141349,17.919,9.227,1
384,0,2,0.4873,0.5014,141358,28.374,9.820,1
385,1,4,0.4880,0.4997,141342,52.144,9.264,1
386,0,2,0.4866,0.4990,141324,28.657,10.258,1
387,1,1,0.4927,0.5000,141330,17.129,9.826,1
388,0,3,0.4873,0.5018,141371,38.809,9.043,1
389,1,3,0.4922,0.5017,141348,38.371,10.349,1
390,0,4,0.4920,0.5029,141378,47.842,8.184,1
391,1,1,0.4902,0.4997,141348,14.902,7.974,1
392,0,5,0.4887,0.4960,141316,60.491,8.948,1
393,1,6,0.4846,0.4989,141337,71.389,9.486,1
394,0,3,0.4917,0.5023,141366,40.849,9.497,1
395,1,3,0.4848,0.5000,141340,40.728,9.889,1
396,0,2,0.4863,0.5041,141363,29.214,9.569,1
397,1,3,0.4878,0.5015,141354,40.907,8.210,1
398,0,1,0.4850,0.4975,141310,13.232,8.967,1
399,1,1,0.4871,0.4989,141326,17.006,9.829,1
400,0,2,0.4879,0.5003,141348,29.071,9.782,1
401,1,8,0.4860,0.5019,141361,101.808,8.908,1
402,0,11,0.4896,0.4996,141323,131.093,9.407,1
403,1,6,0.4907,0.4999,141337,73.463,9.839,1
404,0,1,0.4899,0.4969,141328,16.502,9.613,1
405,1,2,0.4939,0.5004,141347,26.375,11.438,1
406,0,1,0.4877,0.4975,141329,20.006,8.349,1
407,1,2,0.4841,0.5017,141356,27.959,9.795,1
408,0,1,0.4858,0.4988,141345,17.099,7.436,1
409,1,10,0.4960,0.5025,141375,114.595,8.174,1
410,0,1,0.4880,0.5016,141350,16.289,8.575,1
411,1,6,0.4873,0.5036,141374,80.623,10.352,1
412,0,10,0.4833,0.5008,141340,120.057,9.916,1
413,1,2,0.4940,0.5015,141366,29.004,10.621,1
414,0,9,0.4822,0.5007,141349,104.921,8.614,1
415,1,1,0.4854,0.5005,141350,16.768,8.318,1
416,0,1,0.4948,0.4977,141317,14.334,7.678,1
417,1,1,0.4911,0.5026,141365,15.146,8.335,1
418,0,3,0.4926,0.4980,141326,36.816,9.000,1
419,1,1,0.4850,0.5024,141355,16.478,9.413,1
420,0,3,0.4899,0.4974,141322,34.960,8.188,1
421,1,1,0.4893,0.4974,141328,14.415,7.914,1
422,0,2,0.4876,0.5024,141354,26.841,9.668,1
423,1,3,0.4878,0.4996,141337,40.756,8.928,1
424,0,10,0.4912,0.5023,141369,122.247,9.936,1
425,1,1,0.4861,0.4974,141323,18.827,9.141,1
426,0,7,0.4885,0.4999,141346,82.449,9.453,1
427,1,4,0.4940,0.5028,141372,52.950,9.970,1
428,0,2,0.4888,0.5026,141361,29.812,9.972,1
429,1,1,0.4862,0.4996,141341,18.141,9.558,1
430,0,3,0.4848,0.5007,141347,40.870,12.943,1
431,1,3,0.4884,0.5019,141359,40.842,7.648,1
432,0,3,0.4864,0.4967,141329,41.683,9.810,1
433,1,1,0.4835,0.4991,141343,17.939,10.257,1
434,0,1,0.4849,0.5004,141357,18.398,10.506,1
435,1,1,0.4858,0.5001,141344,18.463,9.962,1
436,0,2,0.4921,0.5001,141351,30.015,10.003,1
437,1,3,0.4832,0.5026,141354,42.745,10.682,1
438,0,5,0.4878,0.4996,141336,64.375,10.084,1
439,1,7,0.4876,0.5004,141345,81.653,9.126,1
440,0,2,0.4869,0.5013,141360,26.668,8.972,1
441,1,1,0.4889,0.5000,141355,16.047,9.047,1
442,0,4,0.4851,0.4978,141338,48.297,8.554,1
443,1,4,0.4861,0.5003,141338,51.778,9.423,1
444,0,1,0.4837,0.4974,141310,19.563,10.436,1
445,1,1,0.4875,0.5009,141343,17.766,9.776,1
446,0,1,0.4847,0.4995,141336,17.732,10.271,1
447,1,4,0.4876,0.5008,141350,53.242,8.907,1
448,0,2,0.4834,0.5040,141384,28.574,8.991,1
449,1,2,0.4855,0.5001,141340,25.156,8.090,1
450,0,4,0.4891,0.4979,141326,48.468,9.538,1
451,1,1,0.4848,0.5006,141350,19.170,8.721,1
452,0,4,0.4889,0.5022,141356,52.558,9.006,1
453,1,2,0.4871,0.4986,141335,26.176,9.880,1
454,0,2,0.4870,0.5003,141346,30.523,7.972,1
455,1,4,0.4857,0.4983,141326,44.393,9.763,1
456,0,3,0.4905,0.5017,141352,41.481,8.442,1
457,1,4,0.4909,0.5001,141345,49.838,10.128,1
458,0,12,0.4904,0.4991,141331,158.038,10.690,1
459,1,2,0.4956,0.4996,141343,29.992,9.296,1
460,0,1,0.4880,0.5017,141349,17.625,9.702,1
461,1,1,0.4883,0.4996,141334,17.619,9.866,1
462,0,8,0.4930,0.4979,141327,100.932,6.957,1
463,1,6,0.4886,0.5022,141371,62.899,8.014,1
464,0,2,0.4838,0.5020,141363,26.556,9.248,1
465,1,1,0.4829,0.5010,141348,16.879,9.663,1
466,0,6,0.4860,0.5017,141369,74.516,9.702,1
467,1,1,0.4858,0.5001,141341,17.068,9.686,1
468,0,5,0.4829,0.4977,141327,64.508,9.688,1
469,1,2,0.4879,0.5004,141344,28.928,9.955,1
470,0,4,0.4877,0.4997,141344,45.470,7.511,1
471,1,1,0.4862,0.5005,141352,16.283,9.412,1
472,0,1,0.4920,0.5013,141363,17.165,9.621,1
473,1,2,0.4878,0.4943,141301,28.966,9.760,1
474,0,2,0.4863,0.5018,141365,28.743,9.433,1
475,1,3,0.4941,0.4989,141326,35.567,8.933,1
476,0,4,0.4859,0.5007,141363,48.946,7.262,1
477,1,1,0.4843,0.5005,141343,13.966,8.186,1
478,0,3,0.4904,0.5011,141354,33.540,8.279,1
479,1,4,0.4959,0.5015,141363,45.273,8.281,1
480,0,1,0.4865,0.4990,141345,14.847,8.352,1
481,1,6,0.4857,0.5035,141364,69.576,9.524,1
482,0,1,0.4841,0.5024,141352,17.910,7.975,1
483,1,2,0.4905,0.5005,141352,22.881,7.865,1
484,0,6,0.4890,0.4973,141328,66.430,9.434,1
485,1,1,0.4836,0.4994,141341,17.076,9.432,1
486,0,1,0.4879,0.4987,141327,16.733,9.738,1
487,1,1,0.4826,0.4998,141338,17.796,9.591,1
488,0,2,0.4911,0.5029,141364,28.221,9.821,1
489,1,2,0.4863,0.5006,141349,28.832,9.792,1
490,0,2,0.4818,0.4983,141333,29.122,9.224,1
491,1,2,0.4885,0.4997,141344,22.135,8.119,1
492,0,1,0.4848,0.5016,141357,14.424,8.294,1
493,1,1,0.4904,0.5008,141348,14.807,8.401,1
494,0,6,0.4877,0.5020,141365,68.027,9.503,1
495,1,1,0.4924,0.4989,141330,17.516,9.070,1
496,0,3,0.4898,0.4999,141353,39.805,9.614,1
497,1,2,0.4867,0.5003,141348,28.708,9.334,1
498,0,1,0.4875,0.5005,141346,17.469,9.322,1
499,1,2,0.4853,0.5015,141362,28.428,9.378,1
500,0,6,0.4912,0.4969,141323,73.853,9.571,1
501,1,3,0.4918,0.5009,141343,39.618,9.330,1
502,0,2,0.4884,0.4987,141339,28.499,9.420,1
503,1,2,0.4937,0.5001,141351,25.889,8.838,1
504,0,2,0.4885,0.4999,141350,28.066,9.464,1
505,1,2,0.4852,0.5014,141369,27.891,9.432,1
506,0,2,0.4895,0.5001,141343,28.509,9.370,1
507,1,1,0.4848,0.5013,141362,16.091,6.791,1
508,0,10,0.4878,0.5019,141368,118.932,9.595,1
509,1,4,0.4887,0.5001,141346,47.994,8.963,1
510,0,6,0.4886,0.4978,141323,62.542,8.690,1
511,1,1,0.4869,0.4965,141313,16.102,9.200,1
512,0,5,0.4957,0.4986,141335,62.732,9.784,1
513,1,3,0.4910,0.5001,141342,39.880,9.386,1
514,0,1,0.4894,0.4984,141329,16.929,9.617,1
515,1,4,0.4920,0.5029,141370,52.115,10.200,1
516,0,2,0.4870,0.4990,141334,28.158,9.207,1
517,1,4,0.4893,0.4999,141330,51.240,9.582,1
518,0,3,0.4911,0.4991,141336,39.429,6.872,1
519,1,1,0.4850,0.4990,141340,13.336,8.385,1
520,0,1,0.4868,0.4992,141336,13.947,6.946,1
521,1,3,0.4885,0.5006,141357,38.026,9.305,1
522,0,1,0.4924,0.5014,141349,16.828,9.558,1
523,1,10,0.4925,0.4988,141325,122.188,9.022,1
524,0,1,0.4852,0.4976,141332,15.186,8.515,1
525,1,2,0.4909,0.4980,141328,24.409,8.413,1
526,0,3,0.4863,0.5008,141335,37.862,9.775,1
527,1,3,0.4916,0.4990,141334,40.369,9.704,1
528,0,1,0.4911,0.5034,141355,12.983,8.588,1
529,1,3,0.4927,0.4979,141326,34.110,9.275,1
530,0,1,0.4895,0.5012,141350,16.787,9.581,1
531,1,1,0.4849,0.4990,141341,17.042,9.638,1
532,0,4,0.4884,0.5015,141370,51.896,7.219,1
533,1,1,0.4880,0.4997,141341,16.843,9.791,1
534,0,2,0.4824,0.5032,141380,27.722,9.724,1
535,1,2,0.4899,0.4992,141330,28.716,9.458,1
536,0,2,0.4830,0.4995,141345,28.345,9.647,1
537,1,2,0.4899,0.4996,141338,28.706,10.338,1
538,0,1,0.4834,0.4987,141339,14.175,7.384,1
539,1,4,0.4871,0.4995,141350,43.094,8.969,1
540,0,2,0.4878,0.4993,141343,29.086,9.467,1
541,1,2,0.4862,0.4996,141344,28.718,9.750,1
542,0,3,0.4895,0.4984,141332,39.963,9.621,1
543,1,3,0.4953,0.4977,141336,40.762,9.691,1
544,0,1,0.4915,0.4990,141342,17.273,9.657,1
545,1,3,0.4873,0.4994,141344,40.300,9.579,1
546,0,1,0.4903,0.4988,141334,16.794,9.539,1
547,1,1,0.4847,0.5023,141354,17.055,9.654,1
548,0,2,0.4886,0.5025,141360,25.445,8.739,1
549,1,1,0.4903,0.5040,141394,15.097,7.159,1
550,0,3,0.4900,0.5002,141345,33.989,8.944,1
551,1,3,0.4880,0.5018,141360,39.033,7.391,1
552,0,5,0.4898,0.5000,141344,58.842,9.416,1
553,1,2,0.4904,0.5017,141348,29.035,9.315,1
554,0,5,0.4869,0.5048,141379,62.604,9.278,1
555,1,4,0.4869,0.4981,141325,51.566,9.616,1
556,0,2,0.4918,0.5004,141350,28.668,9.674,1
557,1,1,0.4893,0.4996,141344,16.911,9.762,1
558,0,1,0.4896,0.5012,141358,17.826,9.361,1
559,1,3,0.4861,0.4999,141338,39.339,9.654,1
560,0,4,0.4901,0.5015,141356,51.286,9.429,1
561,1,5,0.4950,0.4962,141316,62.877,9.316,1
562,0,1,0.4869,0.5014,141347,15.987,9.521,1
563,1,3,0.4916,0.5017,141363,40.223,9.434,1
564,0,3,0.4901,0.5005,141361,39.550,9.591,1
565,1,7,0.4929,0.4981,141323,87.167,9.403,1
566,0,8,0.4858,0.5010,141364,96.123,8.977,1
567,1,1,0.4848,0.4981,141320,16.356,9.663,1
568,0,2,0.4939,0.5060,141401,28.525,9.571,1
569,1,5,0.4869,0.5024,141372,62.229,9.368,1
570,0,4,0.4939,0.4981,141332,50.567,9.945,1
571,1,2,0.4905,0.5013,141357,22.240,9.126,1
572,0,1,0.4876,0.5011,141354,16.930,9.395,1
573,1,2,0.4934,0.5013,141351,25.773,7.339,1
574,0,3,0.4879,0.5010,141358,32.708,9.010,1
575,1,5,0.4881,0.4992,141341,61.312,9.811,1
576,0,2,0.4923,0.4985,141330,29.271,9.668,1
577,1,2,0.4894,0.4976,141322,28.468,9.483,1
578,0,2,0.4911,0.5006,141350,28.647,9.567,1
579,1,3,0.4823,0.4986,141330,40.085,9.472,1
580,0,7,0.4933,0.4997,141338,85.564,9.347,1
581,1,2,0.4900,0.4968,141314,28.152,9.177,1
582,0,2,0.4939,0.5004,141344,24.123,7.351,1
583,1,1,0.4873,0.4996,141335,15.060,9.102,1
584,0,2,0.4903,0.5001,141344,28.268,9.308,1
585,1,1,0.4881,0.5027,141369,16.560,9.204,1
586,0,3,0.4878,0.5028,141375,39.492,9.225,1
587,1,11,0.4957,0.5008,141359,111.169,8.549,1
588,0,3,0.4899,0.4983,141337,39.082,9.194,1
589,1,4,0.4916,0.4981,141323,50.972,9.383,1
590,0,2,0.4880,0.4995,141346,28.372,9.624,1
591,1,3,0.4882,0.5002,141341,39.867,9.516,1
592,0,1,0.4890,0.4987,141343,17.002,10.314,1
593,1,1,0.4856,0.5002,141353,16.950,8.846,1
594,0,5,0.4878,0.5024,141381,60.787,9.456,1
595,1,1,0.4856,0.5025,141374,16.837,9.569,1
596,0,6,0.4884,0.5010,141346,73.333,9.104,1
597,1,2,0.4874,0.4989,141338,27.512,9.369,1
598,0,1,0.4827,0.5007,141348,16.589,9.537,1
599,1,4,0.4950,0.5008,141348,50.920,9.323,1
600,0,5,0.4857,0.4971,141325,62.166,10.349,1
601,1,8,0.4942,0.5009,141357,90.669,9.297,1
602,0,5,0.4923,0.5017,141358,57.450,9.390,1
603,1,1,0.4878,0.5007,141354,16.471,9.704,1
604,0,3,0.4972,0.4983,141331,39.871,9.443,1
605,1,1,0.4801,0.5021,141367,16.472,9.466,1
606,0,2,0.4867,0.4983,141334,27.981,9.278,1
607,1,10,0.4942,0.4990,141335,118.463,9.266,1
608,0,4,0.4943,0.5003,141327,50.406,9.557,1
609,1,2,0.4894,0.4995,141345,28.397,9.034,1
610,0,2,0.4849,0.4972,141314,27.901,9.383,1
611,1,4,0.4858,0.4994,141336,52.296,8.373,1
612,0,9,0.4900,0.4971,141324,95.527,8.617,1
613,1,1,0.4865,0.5002,141337,15.879,9.477,1
614,0,4,0.4901,0.4983,141323,51.258,9.727,1
615,1,4,0.4906,0.4963,141315,50.737,9.550,1
616,0,5,0.4885,0.5023,141375,57.179,9.126,1
617,1,6,0.4920,0.5003,141357,73.927,9.484,1
618,0,1,0.4870,0.4966,141322,17.092,9.679,1
619,1,1,0.4883,0.4992,141349,17.101,9.300,1
620,0,1,0.4879,0.5008,141350,16.465,9.506,1
621,1,5,0.4944,0.4996,141331,55.130,7.566,1
622,0,1,0.4856,0.5024,141347,13.801,8.959,1
623,1,1,0.4809,0.5002,141359,16.577,9.838,1
624,0,11,0.4949,0.5003,141349,130.003,9.664,1
625,1,2,0.4859,0.5014,141353,28.642,10.142,1
626,0,4,0.4871,0.4984,141328,50.313,9.434,1
627,1,5,0.4898,0.5012,141360,62.348,9.681,1
628,0,3,0.4873,0.4976,141326,39.709,9.147,1
629,1,1,0.4905,0.5024,141363,16.615,9.586,1
630,0,1,0.4803,0.4989,141327,16.840,9.428,1
631,1,9,0.4875,0.5007,141351,105.827,8.847,1
632,0,4,0.4871,0.4996,141339,41.182,7.507,1
633,1,1,0.4883,0.5002,141351,15.123,9.316,1
634,0,2,0.4895,0.4999,141340,28.070,9.064,1
635,1,1,0.4882,0.5019,141361,16.697,9.127,1
636,0,5,0.4902,0.5022,141361,57.026,9.357,1
637,1,1,0.4899,0.5004,141350,16.503,9.225,1
638,0,1,0.4874,0.5002,141353,16.637,9.169,1
639,1,1,0.4848,0.4997,141337,16.580,9.368,1
640,0,9,0.4902,0.5020,141349,108.419,9.430,1
641,1,1,0.4872,0.5015,141359,16.545,9.291,1
642,0,3,0.4901,0.4997,141339,46.054,8.482,1
643,1,1,0.4855,0.5005,141359,15.044,8.141,1
644,0,2,0.4882,0.4992,141336,24.034,8.293,1
645,1,1,0.4840,0.4960,141294,14.731,8.452,1
646,0,5,0.4899,0.4983,141331,55.669,8.425,1
647,1,3,0.4939,0.4978,141338,34.205,8.824,1
648,0,4,0.4899,0.5015,141367,49.415,9.056,1
649,1,6,0.4895,0.4975,141330,73.684,9.883,1
650,0,2,0.4919,0.4969,141321,28.541,9.205,1
651,1,4,0.4911,0.4981,141325,51.545,9.725,1
652,0,2,0.4898,0.4995,141340,27.880,9.605,1
653,1,2,0.4863,0.5002,141353,28.285,9.547,1
654,0,3,0.4833,0.4983,141325,34.047,7.548,1
655,1,3,0.4862,0.4963,141326,32.830,8.617,1
656,0,1,0.4880,0.5017,141358,16.294,10.776,1
657,1,1,0.4814,0.5034,141363,15.240,8.056,1
658,0,1,0.4885,0.5005,141336,14.000,8.100,1
659,1,1,0.4825,0.4990,141335,14.689,8.040,1
660,0,1,0.4826,0.5016,141365,14.559,8.436,1
661,1,2,0.4940,0.5003,141348,24.375,9.985,1
662,0,2,0.4883,0.5006,141364,27.688,9.508,1
663,1,1,0.4889,0.5015,141350,16.615,9.405,1
664,0,1,0.4901,0.5012,141363,16.607,10.060,1
665,1,3,0.4957,0.4978,141314,38.853,6.929,1
666,0,6,0.4867,0.4991,141344,72.925,9.410,1
667,1,4,0.4902,0.4985,141329,50.219,9.249,1
668,0,1,0.4922,0.4989,141343,15.743,9.232,1
669,1,1,0.4879,0.4996,141337,16.853,9.535,1
670,0,7,0.4892,0.5002,141353,80.654,9.477,1
671,1,1,0.4839,0.5004,141342,17.244,8.799,1
672,0,1,0.4878,0.4977,141326,16.446,9.610,1
673,1,4,0.4883,0.5009,141353,51.319,9.477,1
674,0,2,0.4835,0.5005,141347,28.417,10.101,1
675,1,8,0.4884,0.5049,141391,96.524,10.051,1
676,0,3,0.4870,0.5003,141352,40.086,9.297,1
677,1,3,0.4914,0.5018,141348,39.284,9.532,1
678,0,1,0.4846,0.4989,141340,16.530,9.354,1
679,1,14,0.4871,0.4979,141319,162.590,9.486,1
680,0,1,0.4896,0.4991,141343,16.843,9.302,1
681,1,1,0.4873,0.4994,141336,16.914,9.894,1
682,0,2,0.4909,0.4986,141335,28.490,9.465,1
683,1,6,0.4875,0.4985,141339,73.687,9.145,1
684,0,5,0.4890,0.5015,141357,62.773,9.700,1
685,1,4,0.4913,0.5024,141374,50.860,9.668,1
686,0,6,0.4901,0.5016,141361,71.998,9.259,1
687,1,5,0.4901,0.5013,141350,62.028,9.518,1
688,0,4,0.4888,0.4965,141328,50.993,9.597,1
689,1,3,0.4876,0.5013,141368,39.255,9.440,1
690,0,2,0.4899,0.5025,141367,28.180,7.230,1
691,1,1,0.4786,0.5026,141365,14.622,9.416,1
692,0,2,0.4898,0.5020,141354,28.280,9.217,1
693,1,5,0.4917,0.5039,141380,63.075,9.723,1
694,0,1,0.4861,0.4998,141337,17.160,9.469,1
695,1,1,0.4870,0.4995,141334,16.907,9.299,1
696,0,6,0.4919,0.5002,141344,74.448,10.137,1
697,1,3,0.4937,0.5006,141349,32.781,7.901,1
698,0,2,0.4921,0.4979,141327,24.329,7.950,1
699,1,3,0.4817,0.4998,141341,34.184,8.191,1
700,0,1,0.4815,0.4980,141337,14.500,8.265,1
701,1,1,0.4860,0.5005,141352,14.635,8.382,1
702,0,1,0.4829,0.5036,141366,13.503,8.320,1
703,1,1,0.4877,0.4966,141309,15.670,9.549,1
704,0,2,0.4879,0.5011,141353,25.883,7.837,1
705,1,1,0.4882,0.4979,141328,13.996,7.955,1
706,0,2,0.4846,0.4991,141325,24.333,8.832,1
707,1,10,0.4892,0.5021,141372,116.141,9.005,1
708,0,1,0.4788,0.4961,141308,16.836,9.704,1
709,1,3,0.4857,0.5012,141353,39.918,9.274,1
710,0,1,0.4850,0.4990,141335,16.505,7.022,1
711,1,2,0.4838,0.4956,141305,25.651,8.876,1
712,0,2,0.4905,0.4975,141329,27.909,9.558,1
713,1,5,0.4877,0.4952,141305,62.469,9.295,1
714,0,2,0.4873,0.5033,141380,28.609,9.497,1
715,1,5,0.4893,0.5020,141365,62.775,9.127,1
716,0,1,0.4902,0.5002,141346,16.783,9.363,1
717,1,4,0.4888,0.4998,141347,46.651,9.566,1
718,0,6,0.4869,0.5001,141346,74.002,9.460,1
719,1,4,0.4849,0.4993,141349,50.694,9.505,1
720,0,2,0.4868,0.4991,141332,28.181,9.114,1
721,1,6,0.4868,0.5028,141367,60.546,7.528,1
722,0,2,0.4850,0.4994,141347,25.440,9.155,1
723,1,3,0.4904,0.4977,141331,36.755,7.534,1
724,0,5,0.4875,0.4993,141338,54.589,9.037,1
725,1,3,0.4872,0.5002,141352,38.763,9.451,1
726,0,2,0.4883,0.5023,141366,27.955,9.206,1
727,1,9,0.4882,0.5008,141341,98.204,9.816,1
728,0,1,0.4905,0.4987,141350,17.196,9.052,1
729,1,1,0.4951,0.4999,141340,16.619,9.065,1
730,0,1,0.4885,0.4992,141346,16.589,9.616,1
731,1,9,0.4931,0.5015,141354,100.513,9.153,1
732,0,1,0.4875,0.4995,141341,16.556,9.701,1
733,1,1,0.4852,0.4972,141329,16.954,9.549,1
734,0,1,0.4917,0.5000,141341,16.344,9.511,1
735,1,2,0.4837,0.5013,141351,28.597,9.020,1
736,0,6,0.4936,0.4986,141335,73.436,9.838,1
737,1,1,0.4840,0.4984,141333,16.944,9.194,1
738,0,1,0.4917,0.4991,141337,16.789,9.173,1
739,1,1,0.4894,0.4978,141318,16.538,9.972,1
740,0,3,0.4912,0.4976,141332,40.167,9.878,1
741,1,3,0.4918,0.4976,141316,39.065,9.718,1
742,0,2,0.4884,0.4969,141315,28.175,9.449,1
743,1,3,0.4870,0.4978,141328,39.227,9.319,1
744,0,4,0.4876,0.5021,141347,49.688,9.669,1
745,1,1,0.4912,0.5033,141377,16.690,9.614,1
746,0,6,0.4910,0.4991,141330,73.487,9.077,1
747,1,4,0.4911,0.4984,141323,50.739,9.397,1
748,0,1,0.4866,0.5026,141380,17.298,9.463,1
749,1,4,0.4858,0.4990,141321,51.077,9.842,1
750,0,1,0.4879,0.4982,141323,16.422,9.408,1
751,1,5,0.4895,0.5011,141360,61.382,9.002,1
752,0,1,0.4876,0.5002,141349,16.626,9.672,1
753,1,3,0.4863,0.4970,141318,39.811,9.355,1
754,0,2,0.4872,0.5016,141362,23.719,7.723,1
755,1,1,0.4880,0.5027,141364,13.745,8.231,1
756,0,1,0.4814,0.4972,141328,13.996,8.389,1
757,1,2,0.4885,0.5004,141348,26.749,9.322,1
758,0,4,0.4886,0.5008,141346,51.199,9.714,1
759,1,2,0.4858,0.5023,141366,28.367,9.333,1
760,0,4,0.4901,0.4993,141347,50.639,9.443,1
761,1,1,0.4835,0.5005,141352,16.145,9.378,1
762,0,1,0.4836,0.5016,141346,16.789,9.234,1
763,1,1,0.4925,0.5009,141343,16.525,10.353,1
764,0,2,0.4861,0.5009,141360,28.272,10.047,1
765,1,1,0.4920,0.4975,141325,16.787,9.324,1
766,0,10,0.4919,0.5026,141367,118.272,7.373,1
767,1,1,0.4860,0.5005,141347,13.264,8.456,1
768,0,1,0.4885,0.5022,141361,16.099,9.247,1
769,1,1,0.4841,0.5005,141342,16.726,9.361,1
770,0,3,0.4836,0.4993,141333,39.232,9.454,1
771,1,2,0.4846,0.4987,141328,28.258,9.436,1
772,0,3,0.4919,0.5009,141345,41.037,9.213,1
773,1,2,0.4891,0.4966,141314,27.643,9.416,1
774,0,3,0.4842,0.4980,141324,38.140,9.412,1
775,1,1,0.4813,0.4992,141345,16.851,9.183,1
776,0,1,0.4805,0.4985,141326,16.447,9.445,1
777,1,1,0.4897,0.5048,141395,16.835,9.672,1
778,0,2,0.4880,0.4978,141327,28.512,9.943,1
779,1,1,0.4851,0.4984,141339,16.577,9.747,1
780,0,2,0.4900,0.4966,141312,28.027,9.478,1
781,1,1,0.4912,0.4988,141329,17.201,8.931,1
782,0,8,0.4897,0.5002,141339,85.300,9.128,1
783,1,13,0.4847,0.5015,141356,151.461,9.565,1
784,0,4,0.4845,0.4978,141335,50.659,9.512,1
785,1,3,0.4876,0.4986,141343,39.861,9.621,1
786,0,5,0.4891,0.5015,141347,58.824,8.401,1
787,1,4,0.4928,0.5004,141349,50.700,9.344,1
788,0,5,0.4945,0.5034,141365,61.837,9.685,1
789,1,1,0.4799,0.4996,141338,16.829,9.788,1
790,0,6,0.4936,0.5014,141356,73.605,9.242,1
791,1,5,0.4856,0.5024,141351,55.892,7.850,1
792,0,7,0.4911,0.5004,141354,83.681,9.379,1
793,1,1,0.4837,0.4995,141336,16.668,9.373,1
794,0,4,0.4827,0.4988,141324,51.273,9.361,1
795,1,1,0.4884,0.5032,141356,17.242,9.554,1
796,0,9,0.4918,0.4971,141320,105.578,7.557,1
797,1,4,0.4916,0.5002,141347,44.707,10.016,1
798,0,2,0.4882,0.4954,141310,27.913,9.814,1
799,1,8,0.4871,0.4973,141328,96.441,9.119,1
800,0,13,0.4903,0.4976,141331,148.554,9.712,1
801,1,2,0.4930,0.5000,141350,26.855,6.787,1
802,0,4,0.4891,0.5058,141371,45.422,9.294,1
803,1,3,0.4848,0.5009,141367,40.100,9.660,1
804,0,8,0.4898,0.4978,141335,95.209,9.456,1
805,1,1,0.4906,0.4969,141329,16.890,9.573,1
806,0,1,0.4878,0.4995,141337,16.751,10.294,1
807,1,1,0.4865,0.4963,141296,16.606,9.569,1
808,0,6,0.4905,0.5011,141347,73.912,9.691,1
809,1,1,0.4862,0.5039,141372,17.282,9.712,1
810,0,3,0.4889,0.4984,141344,40.298,9.429,1
811,1,3,0.4822,0.5002,141343,39.704,9.771,1
812,0,2,0.4922,0.4969,141316,28.683,8.992,1
813,1,1,0.4849,0.5002,141342,14.756,9.286,1
814,0,3,0.4861,0.5018,141363,39.490,9.512,1
815,1,1,0.4813,0.4967,141314,16.889,9.205,1
816,0,3,0.4878,0.4989,141335,35.627,9.301,1
817,1,5,0.4879,0.4968,141311,62.032,9.389,1
818,0,1,0.4795,0.5023,141369,16.650,9.267,1
819,1,1,0.4854,0.4978,141332,16.539,9.422,1
820,0,8,0.4859,0.4971,141304,92.886,9.147,1
821,1,1,0.4860,0.4998,141356,16.342,9.233,1
822,0,3,0.4887,0.5026,141368,39.606,9.459,1
823,1,2,0.4848,0.5005,141342,27.908,9.501,1
824,0,3,0.4981,0.5027,141363,40.084,9.005,1
825,1,1,0.4836,0.5005,141348,12.727,7.950,1
826,0,6,0.4875,0.4994,141340,66.591,7.293,1
827,1,1,0.4868,0.5014,141356,15.848,9.345,1
828,0,3,0.4863,0.4981,141319,39.262,9.515,1
829,1,17,0.4889,0.4996,141347,194.562,7.613,1
830,0,1,0.4852,0.5027,141378,14.096,8.149,1
831,1,8,0.4902,0.4989,141337,91.629,9.496,1
832,0,4,0.4928,0.5037,141380,51.031,8.365,1
833,1,6,0.4850,0.5004,141347,62.024,8.344,1
834,0,3,0.4824,0.5014,141360,34.653,7.981,1
835,1,6,0.4873,0.5014,141350,68.318,9.495,1
836,0,1,0.4849,0.4987,141321,16.547,9.268,1
837,1,1,0.4929,0.5000,141349,16.734,9.013,1
838,0,3,0.4900,0.5023,141367,39.429,9.626,1
839,1,11,0.4916,0.5032,141361,128.646,10.806,1
840,0,2,0.4864,0.4985,141329,27.851,9.503,1
841,1,7,0.4879,0.4965,141322,83.547,9.432,1
842,0,2,0.4907,0.4996,141332,25.462,7.561,1
843,1,1,0.4812,0.5009,141351,14.289,8.956,1
844,0,7,0.4868,0.5006,141346,85.412,9.635,1
845,1,5,0.4894,0.4993,141343,62.749,9.202,1
846,0,6,0.4884,0.4989,141345,73.484,9.195,1
847,1,1,0.4846,0.5027,141369,16.765,9.550,1
848,0,5,0.4902,0.5001,141346,59.729,7.497,1
849,1,1,0.4825,0.5005,141349,14.035,7.949,1
850,0,3,0.4895,0.5020,141359,34.440,8.563,1
851,1,4,0.4904,0.5009,141345,44.711,9.284,1
852,0,2,0.4902,0.4992,141340,27.658,7.647,1
853,1,1,0.4848,0.5003,141349,13.341,8.702,1
854,0,2,0.4919,0.4993,141345,27.929,9.421,1
855,1,3,0.4920,0.4977,141327,40.272,9.369,1
856,0,3,0.4898,0.5004,141345,39.654,9.589,1
857,1,3,0.4866,0.5023,141358,39.554,9.648,1
858,0,1,0.4872,0.4960,141315,17.118,9.325,1
859,1,1,0.4860,0.5004,141357,16.849,9.456,1
860,0,3,0.4892,0.4985,141339,39.787,9.976,1
861,1,4,0.4919,0.5001,141345,50.600,9.077,1
862,0,1,0.4855,0.5006,141347,12.421,7.616,1
863,1,2,0.4965,0.5002,141346,24.217,8.554,1
864,0,1,0.4935,0.4998,141334,15.603,9.483,1
865,1,2,0.4879,0.4994,141344,28.087,9.061,1
866,0,8,0.4924,0.4981,141334,84.818,9.287,1
867,1,7,0.4953,0.5019,141351,85.188,9.148,1
868,0,2,0.4803,0.5032,141362,27.987,9.246,1
869,1,8,0.4861,0.4998,141338,96.151,9.300,1
870,0,3,0.4884,0.5010,141357,39.544,9.617,1
871,1,3,0.4958,0.5005,141333,39.358,9.671,1
872,0,1,0.4852,0.4996,141336,16.989,9.420,1
873,1,4,0.4919,0.4998,141331,50.863,9.160,1
874,0,1,0.4900,0.4994,141342,16.567,9.330,1
875,1,1,0.4893,0.4994,141334,13.327,7.781,1
876,0,2,0.4853,0.5013,141355,25.760,9.633,1
877,1,4,0.4907,0.4973,141328,50.112,9.287,1
878,0,3,0.4834,0.5013,141342,39.861,9.350,1
879,1,1,0.4849,0.4998,141343,17.027,9.488,1
880,0,1,0.4876,0.5004,141342,16.960,9.302,1
881,1,4,0.4952,0.4992,141335,49.999,10.002,1
882,0,3,0.4911,0.5005,141349,39.613,9.853,1
883,1,1,0.4894,0.5007,141353,16.792,9.396,1
884,0,6,0.4940,0.5013,141353,72.731,9.346,1
885,1,5,0.4867,0.5000,141335,62.107,9.684,1
886,0,1,0.4913,0.4996,141355,15.851,9.494,1
887,1,3,0.4895,0.4991,141341,38.822,9.271,1
888,0,1,0.4802,0.4996,141335,16.583,9.143,1
889,1,1,0.4823,0.5005,141350,16.790,9.619,1
890,0,3,0.4855,0.5013,141362,40.358,9.425,1
891,1,1,0.4906,0.5036,141380,16.662,9.396,1
892,0,1,0.4875,0.5011,141364,15.976,7.178,1
893,1,1,0.4899,0.5001,141336,13.706,7.912,1
894,0,3,0.4862,0.4994,141333,38.507,9.261,1
895,1,1,0.4835,0.4972,141325,16.310,9.119,1
896,0,2,0.4862,0.4966,141317,21.957,7.867,1
897,1,6,0.4904,0.5004,141361,62.893,8.656,1
898,0,9,0.4931,0.5016,141364,105.086,8.286,1
899,1,7,0.4970,0.4989,141337,75.385,9.549,1
900,0,8,0.4944,0.4999,141336,95.443,7.715,1
901,1,2,0.4892,0.4997,141345,23.973,10.070,1
902,0,2,0.4867,0.4983,141318,27.864,9.566,1
903,1,4,0.4884,0.4993,141344,51.092,9.257,1
904,0,2,0.4856,0.5009,141369,27.528,9.679,1
905,1,4,0.4920,0.4996,141345,51.431,9.378,1
906,0,1,0.4860,0.4985,141328,16.569,9.444,1
907,1,3,0.4944,0.5011,141351,39.607,9.520,1
908,0,4,0.4892,0.4964,141307,44.252,7.874,1
909,1,3,0.4930,0.5000,141328,33.383,7.645,1
910,0,1,0.4842,0.4969,141325,14.705,8.828,1
911,1,1,0.4866,0.5007,141352,16.266,10.112,1
912,0,4,0.4900,0.5036,141373,50.309,9.610,1
913,1,1,0.4900,0.5024,141366,16.698,9.522,1
914,0,2,0.4853,0.4984,141334,29.013,9.588,1
915,1,3,0.4840,0.5012,141343,31.716,8.075,1
916,0,5,0.4889,0.4994,141337,53.490,8.067,1
917,1,2,0.4900,0.4990,141330,23.653,7.964,1
918,0,2,0.4883,0.4973,141328,26.175,9.263,1
919,1,6,0.4842,0.4966,141323,72.216,9.440,1
920,0,2,0.4940,0.4998,141344,27.024,7.299,1
921,1,2,0.4883,0.4985,141333,23.388,7.978,1
922,0,1,0.4856,0.5010,141362,14.264,8.252,1
923,1,1,0.4898,0.5006,141340,14.265,7.168,1
924,0,1,0.4876,0.4982,141335,15.108,8.823,1
925,1,1,0.4884,0.5014,141359,16.752,9.036,1
926,0,5,0.4927,0.5053,141381,61.865,9.059,1
927,1,1,0.4873,0.5018,141372,16.890,9.423,1
928,0,10,0.4878,0.5013,141359,118.306,9.816,1
929,1,2,0.4868,0.5001,141339,28.239,9.253,1
930,0,6,0.4944,0.5014,141347,73.358,9.503,1
931,1,1,0.4928,0.4971,141327,16.964,8.912,1
932,0,6,0.4907,0.4996,141336,71.836,9.385,1
933,1,4,0.4906,0.4999,141358,50.437,9.203,1
934,0,3,0.4921,0.5006,141346,38.957,9.280,1
935,1,1,0.4899,0.4995,141352,16.882,9.326,1
936,0,1,0.4930,0.5010,141361,16.538,9.318,1
937,1,1,0.4866,0.5026,141366,16.449,9.645,1
938,0,1,0.4817,0.4986,141327,16.218,9.508,1
939,1,8,0.4843,0.5018,141358,95.718,9.898,1
940,0,5,0.4879,0.5015,141353,63.151,9.538,1
941,1,1,0.4905,0.4989,141342,16.685,8.963,1
942,0,1,0.4858,0.5019,141348,16.459,9.573,1
943,1,1,0.4874,0.4961,141308,15.691,9.135,1
944,0,3,0.4867,0.5007,141345,39.182,9.421,1
945,1,1,0.4913,0.5011,141357,16.367,9.657,1
946,0,1,0.4891,0.4998,141345,16.940,9.212,1
947,1,3,0.4911,0.4998,141345,39.594,9.684,1
948,0,4,0.4932,0.4977,141344,50.275,9.028,1
949,1,1,0.4832,0.4999,141343,16.746,9.519,1
950,0,15,0.4849,0.4991,141343,177.183,9.070,1
951,1,3,0.4917,0.5017,141337,39.523,9.138,1
952,0,5,0.4902,0.4984,141337,61.918,9.168,1
953,1,4,0.4912,0.5009,141342,50.433,9.586,1
954,0,2,0.4879,0.4993,141336,28.118,9.336,1
955,1,8,0.4883,0.4974,141336,96.925,9.921,1
956,0,2,0.4901,0.4967,141320,28.488,9.270,1
957,1,1,0.4917,0.4971,141311,16.799,9.643,1
958,0,1,0.4882,0.5031,141373,17.073,9.319,1
959,1,1,0.4837,0.4977,141318,16.897,9.291,1
960,0,5,0.4896,0.4998,141341,62.757,9.511,1
961,1,1,0.4823,0.4976,141329,16.851,9.662,1
962,0,1,0.4870,0.5025,141373,16.320,9.491,1
963,1,1,0.4903,0.4979,141337,17.392,8.016,1
964,0,1,0.4916,0.4995,141338,12.967,7.903,1
965,1,8,0.4878,0.4952,141304,93.987,9.177,1
966,0,4,0.4917,0.4984,141337,50.493,9.767,1
967,1,1,0.4861,0.4997,141339,17.145,9.695,1
968,0,7,0.4907,0.5012,141361,85.440,9.428,1
969,1,1,0.4854,0.5014,141352,17.157,9.344,1
970,0,2,0.4885,0.4989,141349,23.852,8.079,1
971,1,1,0.4896,0.5052,141392,13.605,8.530,1
972,0,3,0.4932,0.4987,141345,38.369,9.403,1
973,1,8,0.4885,0.4987,141343,95.719,7.204,1
974,0,1,0.4810,0.5011,141364,13.792,8.787,1
975,1,7,0.4938,0.5018,141361,84.079,9.500,1
976,0,2,0.4861,0.5001,141348,28.766,8.442,1
977,1,2,0.4920,0.4982,141319,23.761,9.313,1
978,0,1,0.4851,0.5031,141368,16.912,9.453,1
979,1,1,0.4885,0.5009,141361,16.778,9.494,1
980,0,1,0.4875,0.5020,141368,16.462,9.633,1
981,1,4,0.4929,0.4967,141321,51.303,9.697,1
982,0,1,0.4881,0.5020,141368,14.798,6.935,1
983,1,2,0.4874,0.4992,141342,27.790,9.612,1
984,0,2,0.4804,0.5005,141344,28.362,9.613,1
985,1,2,0.4851,0.4980,141320,28.324,9.603,1
986,0,1,0.4869,0.5033,141367,16.509,9.965,1
987,1,2,0.4922,0.5040,141376,27.694,8.008,1
988,0,4,0.4895,0.5009,141366,51.041,9.315,1
989,1,11,0.4941,0.4963,141313,131.001,10.172,1
990,0,13,0.4861,0.5024,141364,152.992,9.968,1
991,1,7,0.4935,0.5000,141337,86.683,9.251,1
992,0,4,0.4880,0.5008,141361,50.709,7.154,1
993,1,1,0.4913,0.4995,141339,13.436,8.808,1
994,0,7,0.4921,0.5018,141359,85.101,9.420,1
995,1,3,0.4920,0.5027,141367,40.015,9.292,1
996,0,9,0.4946,0.5017,141363,107.831,9.264,1
997,1,3,0.4863,0.4998,141329,39.826,9.248,1
998,0,1,0.4905,0.5005,141345,16.386,9.964,1
999,1,3,0.4858,0.5008,141354,39.970,7.315,1
